date,chain_id,token_pair,loan_amount_usd,gross_revenue_usd,gas_cost_usd,bridge_fee_usd,flash_loan_fee_usd,net_profit_usd,is_profitable,success_probability,executed,ml_optimized
2025-12-06,137,USDC/WETH,19400.0,20551.839900705243,421.2,2.5,0.0,534.139900705243,True,0.8899223999999999,True,True
2025-12-06,137,USDC/WETH,19400.0,20254.987550416532,421.2,2.5,0.0,237.28755041653199,True,0.8899223999999999,True,True
2025-12-06,137,USDC/WETH,19400.0,20217.47653220782,421.2,2.5,0.0,-421.2,False,0.8899223999999999,True,True
2025-12-06,137,USDC/WETH,19400.0,20525.926590247564,421.2,2.5,0.0,508.22659024756354,True,0.8899223999999999,True,True
2025-12-06,137,USDC/WETH,19400.0,20268.430113767874,421.2,2.5,0.0,250.73011376787395,True,0.8899223999999999,True,True
2025-12-06,137,USDC/WETH,17794.8952354348,18447.798939435004,421.2,2.5,0.0,51.254751645856004,True,0.8899288204190582,True,True
2025-12-06,137,USDC/WETH,19400.0,20225.79759064598,421.2,2.5,0.0,208.0975906459796,True,0.8899223999999999,True,True
2025-12-06,137,USDC/WETH,19400.0,20222.272267067383,421.2,2.5,0.0,204.57226706738288,True,0.8899223999999999,True,True
2025-12-06,137,USDC/WETH,19400.0,20396.68065759463,421.2,2.5,0.0,378.9806575946284,True,0.8899223999999999,True,True
2025-12-06,137,USDC/WETH,19400.0,20490.304009081367,421.2,2.5,0.0,472.6040090813665,True,0.8899223999999999,True,True
2025-12-06,137,USDC/WETH,19400.0,20554.669032245707,421.2,2.5,0.0,536.969032245707,True,0.8899223999999999,True,True
2025-12-06,137,USDC/WETH,19400.0,20469.55507124492,421.2,2.5,0.0,451.85507124491846,True,0.8899223999999999,True,True
2025-12-06,137,USDC/WETH,19400.0,20378.024786310394,421.2,2.5,0.0,360.3247863103941,True,0.8899223999999999,True,True
2025-12-06,137,USDC/WETH,19400.0,20531.378420160087,421.2,2.5,0.0,513.6784201600865,True,0.8899223999999999,True,True
2025-12-06,137,USDC/WETH,19400.0,20436.443372616184,421.2,2.5,0.0,418.74337261618416,True,0.8899223999999999,True,True
2025-12-06,137,USDC/WETH,19400.0,20340.887065794923,421.2,2.5,0.0,323.1870657949228,True,0.8899223999999999,True,True
2025-12-06,137,USDC/WETH,19400.0,20375.563361693035,421.2,2.5,0.0,357.86336169303536,True,0.8899223999999999,True,True
2025-12-06,137,USDC/WETH,19400.0,20217.24787336782,421.2,2.5,0.0,199.5478733678217,True,0.8899223999999999,True,True
2025-12-06,137,USDC/WETH,19400.0,20448.938510524236,421.2,2.5,0.0,-421.2,False,0.8899223999999999,True,True
2025-12-06,137,USDC/WETH,19400.0,20307.28149582719,421.2,2.5,0.0,289.5814958271883,True,0.8899223999999999,True,True
2025-12-06,137,USDC/WETH,19400.0,20274.003409591176,421.2,2.5,0.0,256.303409591176,True,0.8899223999999999,True,True
2025-12-06,137,USDC/WETH,19400.0,20551.93305168346,421.2,2.5,0.0,-421.2,False,0.8899223999999999,True,True
2025-12-06,137,USDC/WETH,19400.0,20562.827690705602,421.2,2.5,0.0,545.1276907056024,True,0.8899223999999999,True,True
2025-12-06,137,USDC/WETH,19400.0,20530.752266524818,421.2,2.5,0.0,513.0522665248179,True,0.8899223999999999,True,True
2025-12-06,137,USDC/WETH,18365.338686763414,19060.773047752133,421.2,2.5,0.0,88.08097412108418,True,0.8899265386452528,True,True
2025-12-06,137,USDC/WETH,19400.0,20425.573068311758,421.2,2.5,0.0,407.87306831175806,True,0.8899223999999999,True,True
2025-12-06,137,USDC/WETH,19400.0,20538.823965884167,421.2,2.5,0.0,521.1239658841666,True,0.8899223999999999,True,True
2025-12-06,137,USDC/WETH,19400.0,20191.15559413721,421.2,2.5,0.0,173.4555941372098,True,0.8899223999999999,True,True
2025-12-06,137,USDC/WETH,19400.0,20226.209739974518,421.2,2.5,0.0,208.50973997451797,True,0.8899223999999999,True,True
2025-12-06,137,USDC/WETH,18993.10928724034,19736.899391151794,421.2,2.5,0.0,130.15901103905162,True,0.8899240275628509,True,True
2025-12-06,137,USDC/WETH,19400.0,20237.239260197413,421.2,2.5,0.0,219.53926019741334,True,0.8899223999999999,True,True
2025-12-06,137,USDC/WETH,19400.0,20422.645313721318,421.2,2.5,0.0,404.94531372131746,True,0.8899223999999999,True,True
2025-12-06,137,USDC/WETH,19400.0,20466.46139657688,421.2,2.5,0.0,448.7613965768803,True,0.8899223999999999,True,True
2025-12-06,137,USDC/WETH,19400.0,20509.65897787752,421.2,2.5,0.0,491.9589778775196,True,0.8899223999999999,True,True
2025-12-06,137,USDC/WETH,19400.0,20514.762358749413,421.2,2.5,0.0,497.0623587494126,True,0.8899223999999999,True,True
2025-12-06,137,USDC/WETH,19400.0,20379.401008754005,421.2,2.5,0.0,361.70100875400453,True,0.8899223999999999,True,True
2025-12-06,137,USDC/WETH,19400.0,20425.100512806515,421.2,2.5,0.0,407.4005128065153,True,0.8899223999999999,True,True
2025-12-06,137,USDC/WETH,18491.189909954915,19196.188063121965,421.2,2.5,0.0,96.38625406749998,True,0.8899260352403601,True,True
2025-12-06,137,USDC/WETH,19400.0,20187.009737105225,421.2,2.5,0.0,169.30973710522517,True,0.8899223999999999,True,True
2025-12-06,137,USDC/WETH,19400.0,20179.695297933064,421.2,2.5,0.0,161.9952979330635,True,0.8899223999999999,True,True
2025-12-06,137,USDC/WETH,17694.839901229043,18340.4220850025,421.2,2.5,0.0,-421.2,False,0.889929220640395,True,True
2025-12-06,137,USDC/WETH,19400.0,20434.358257250136,421.2,2.5,0.0,416.65825725013633,True,0.8899223999999999,True,True
2025-12-06,137,USDC/WETH,19400.0,20192.45363740635,421.2,2.5,0.0,174.75363740634998,True,0.8899223999999999,True,True
2025-12-06,137,USDC/WETH,19400.0,20179.67205095038,421.2,2.5,0.0,161.9720509503793,True,0.8899223999999999,True,True
2025-12-06,137,USDC/WETH,19400.0,20470.111645477195,421.2,2.5,0.0,452.4116454771945,True,0.8899223999999999,True,True
2025-12-06,137,USDC/WETH,19400.0,20224.677347144578,421.2,2.5,0.0,206.9773471445776,True,0.8899223999999999,True,True
2025-12-06,137,USDC/WETH,19400.0,20176.44919689801,421.2,2.5,0.0,158.74919689801095,True,0.8899223999999999,True,True
2025-12-06,137,USDC/WETH,18281.87078185072,18970.998203055435,421.2,2.5,0.0,82.60871338620655,True,0.8899268725168725,True,True
2025-12-06,137,USDC/WETH,19400.0,20252.263312664472,421.2,2.5,0.0,234.56331266447228,True,0.8899223999999999,True,True
2025-12-06,137,USDC/WETH,19400.0,20378.04670066126,421.2,2.5,0.0,360.3467006612598,True,0.8899223999999999,True,True
2025-12-06,137,USDC/WETH,19400.0,20350.170468962242,421.2,2.5,0.0,-421.2,False,0.8899223999999999,True,True
2025-12-06,137,USDC/WETH,19400.0,20235.861185971768,421.2,2.5,0.0,218.1611859717675,True,0.8899223999999999,True,True
2025-12-06,137,USDC/WETH,19400.0,20527.382909129505,421.2,2.5,0.0,509.68290912950465,True,0.8899223999999999,True,True
2025-12-06,137,USDC/WETH,19400.0,20287.59625416642,421.2,2.5,0.0,269.89625416641934,True,0.8899223999999999,True,True
2025-12-06,137,USDC/WETH,19400.0,20242.66818105232,421.2,2.5,0.0,224.96818105231864,True,0.8899223999999999,True,True
2025-12-06,137,USDC/WETH,19400.0,20527.902815547746,421.2,2.5,0.0,-421.2,False,0.8899223999999999,True,True
2025-12-06,137,USDC/WETH,19400.0,20181.9888972268,421.2,2.5,0.0,164.28889722680174,True,0.8899223999999999,True,True
2025-12-06,137,USDC/WETH,19400.0,20241.153569970942,421.2,2.5,0.0,223.453569970942,True,0.8899223999999999,True,True
2025-12-06,137,USDC/WETH,19400.0,20477.71981030572,421.2,2.5,0.0,-421.2,False,0.8899223999999999,True,True
2025-12-06,137,USDC/WETH,19400.0,20380.578794676778,421.2,2.5,0.0,362.8787946767777,True,0.8899223999999999,True,True
2025-12-06,137,USDC/WETH,19400.0,20181.37290851624,421.2,2.5,0.0,163.67290851624125,True,0.8899223999999999,True,True
2025-12-06,137,USDC/WETH,19400.0,20478.773643176522,421.2,2.5,0.0,461.0736431765224,True,0.8899223999999999,True,True
2025-12-06,137,USDC/WETH,19400.0,20476.138015662225,421.2,2.5,0.0,458.4380156622253,True,0.8899223999999999,True,True
2025-12-06,137,USDC/WETH,19400.0,20533.513374025522,421.2,2.5,0.0,515.8133740255223,True,0.8899223999999999,True,True
2025-12-06,137,USDC/WETH,19400.0,20328.297599375757,421.2,2.5,0.0,310.5975993757572,True,0.8899223999999999,True,True
2025-12-06,137,USDC/WETH,19400.0,20273.500762292548,421.2,2.5,0.0,255.8007622925477,True,0.8899223999999999,True,True
2025-12-06,137,USDC/WETH,18560.847282636492,19271.166977171244,421.2,2.5,0.0,101.01122170838687,True,0.8899257566108694,True,True
2025-12-06,137,USDC/WETH,19265.50694339638,20030.784794501647,421.2,2.5,0.0,148.9227816713037,True,0.8899229379722263,True,True
2025-12-07,137,USDC/WETH,19380.0,20445.63639135455,435.23999999999995,2.5,0.0,434.0963913545502,True,0.8879224799999998,True,True
2025-12-07,137,USDC/WETH,19380.0,20366.903575213368,435.23999999999995,2.5,0.0,355.36357521336777,True,0.8879224799999998,True,True
2025-12-07,137,USDC/WETH,19380.0,20302.394951359638,435.23999999999995,2.5,0.0,290.8549513596381,True,0.8879224799999998,True,True
2025-12-07,137,USDC/WETH,19380.0,20365.35607479181,435.23999999999995,2.5,0.0,-435.23999999999995,False,0.8879224799999998,True,True
2025-12-07,137,USDC/WETH,19380.0,20533.547664395464,435.23999999999995,2.5,0.0,522.0076643954644,True,0.8879224799999998,True,True
2025-12-07,137,USDC/WETH,19077.03951801124,19828.19212228732,435.23999999999995,2.5,0.0,122.64220909596918,True,0.8879236918419279,True,True
2025-12-07,137,USDC/WETH,19380.0,20394.783321450184,435.23999999999995,2.5,0.0,383.24332145018434,True,0.8879224799999998,True,True
2025-12-07,137,USDC/WETH,19380.0,20416.306158471416,435.23999999999995,2.5,0.0,404.766158471416,True,0.8879224799999998,True,True
2025-12-07,137,USDC/WETH,17559.248264972735,18195.63051395302,435.23999999999995,2.5,0.0,23.04976633055685,True,0.88792976300694,True,True
2025-12-07,137,USDC/WETH,19380.0,20203.154410049814,435.23999999999995,2.5,0.0,191.61441004981407,True,0.8879224799999998,True,True
2025-12-07,137,USDC/WETH,17615.829068619216,18256.31912800995,435.23999999999995,2.5,0.0,26.591768704541096,True,0.8879295366837254,True,True
2025-12-07,137,USDC/WETH,19380.0,20167.604190599377,435.23999999999995,2.5,0.0,156.06419059937707,True,0.8879224799999998,True,True
2025-12-07,137,USDC/WETH,19380.0,20391.282600341438,435.23999999999995,2.5,0.0,379.74260034143754,True,0.8879224799999998,True,True
2025-12-07,137,USDC/WETH,19380.0,20405.083987330687,435.23999999999995,2.5,0.0,393.54398733068683,True,0.8879224799999998,True,True
2025-12-07,137,USDC/WETH,19380.0,20455.22167472972,435.23999999999995,2.5,0.0,-435.23999999999995,False,0.8879224799999998,True,True
2025-12-07,137,USDC/WETH,19380.0,20433.124553084388,435.23999999999995,2.5,0.0,421.58455308438806,True,0.8879224799999998,True,True
2025-12-07,137,USDC/WETH,18331.36498891801,19024.943817312083,435.23999999999995,2.5,0.0,72.5251785048946,True,0.8879266745400443,True,True
2025-12-07,137,USDC/WETH,19172.657363186885,19931.358684892075,435.23999999999995,2.5,0.0,129.23474807332104,True,0.8879233093705472,True,True
2025-12-07,137,USDC/WETH,19380.0,20173.698859159183,435.23999999999995,2.5,0.0,162.15885915918352,True,0.8879224799999998,True,True
2025-12-07,137,USDC/WETH,19380.0,20481.36330615197,435.23999999999995,2.5,0.0,469.8233061519686,True,0.8879224799999998,True,True
2025-12-07,137,USDC/WETH,19380.0,20522.296153727548,435.23999999999995,2.5,0.0,510.7561537275478,True,0.8879224799999998,True,True
2025-12-07,137,USDC/WETH,19380.0,20328.248059402304,435.23999999999995,2.5,0.0,316.70805940230366,True,0.8879224799999998,True,True
2025-12-07,137,USDC/WETH,19380.0,20271.80812580374,435.23999999999995,2.5,0.0,-435.23999999999995,False,0.8879224799999998,True,True
2025-12-07,137,USDC/WETH,19380.0,20414.069006028447,435.23999999999995,2.5,0.0,402.52900602844693,True,0.8879224799999998,True,True
2025-12-07,137,USDC/WETH,19380.0,20205.622871933483,435.23999999999995,2.5,0.0,194.08287193348315,True,0.8879224799999998,True,True
2025-12-07,137,USDC/WETH,19380.0,20230.912230387185,435.23999999999995,2.5,0.0,219.37223038718457,True,0.8879224799999998,True,True
2025-12-07,137,USDC/WETH,19380.0,20199.847986184028,435.23999999999995,2.5,0.0,-435.23999999999995,False,0.8879224799999998,True,True
2025-12-07,137,USDC/WETH,19380.0,20385.03038133285,435.23999999999995,2.5,0.0,373.4903813328501,True,0.8879224799999998,True,True
2025-12-07,137,USDC/WETH,19380.0,20382.48325741979,435.23999999999995,2.5,0.0,370.9432574197899,True,0.8879224799999998,True,True
2025-12-07,137,USDC/WETH,19380.0,20395.183837740606,435.23999999999995,2.5,0.0,383.6438377406057,True,0.8879224799999998,True,True
2025-12-07,137,USDC/WETH,19380.0,20200.23722228319,435.23999999999995,2.5,0.0,188.69722228319097,True,0.8879224799999998,True,True
2025-12-07,137,USDC/WETH,19380.0,20210.512726141038,435.23999999999995,2.5,0.0,198.97272614103804,True,0.8879224799999998,True,True
2025-12-07,137,USDC/WETH,19380.0,20478.22962026105,435.23999999999995,2.5,0.0,-435.23999999999995,False,0.8879224799999998,True,True
2025-12-07,137,USDC/WETH,19380.0,20386.584645026414,435.23999999999995,2.5,0.0,375.0446450264144,True,0.8879224799999998,True,True
2025-12-07,137,USDC/WETH,19380.0,20437.805400231362,435.23999999999995,2.5,0.0,426.26540023136204,True,0.8879224799999998,True,True
2025-12-07,137,USDC/WETH,19380.0,20364.770405483418,435.23999999999995,2.5,0.0,353.2304054834176,True,0.8879224799999998,True,True
2025-12-07,137,USDC/WETH,19019.22262065392,19765.829079052255,435.23999999999995,2.5,0.0,118.67423219179614,True,0.8879239231095173,True,True
2025-12-07,137,USDC/WETH,19380.0,20333.70558383078,435.23999999999995,2.5,0.0,322.1655838307788,True,0.8879224799999998,True,True
2025-12-07,137,USDC/WETH,19380.0,20500.42432919154,435.23999999999995,2.5,0.0,488.8843291915409,True,0.8879224799999998,True,True
2025-12-07,137,USDC/WETH,19380.0,20496.132631723416,435.23999999999995,2.5,0.0,484.59263172341616,True,0.8879224799999998,True,True
2025-12-07,137,USDC/WETH,19380.0,20173.719874242925,435.23999999999995,2.5,0.0,162.1798742429246,True,0.8879224799999998,True,True
2025-12-07,137,USDC/WETH,19380.0,20396.596776574785,435.23999999999995,2.5,0.0,385.05677657478464,True,0.8879224799999998,True,True
2025-12-07,137,USDC/WETH,19380.0,20156.467927305002,435.23999999999995,2.5,0.0,-435.23999999999995,False,0.8879224799999998,True,True
2025-12-07,137,USDC/WETH,19056.379374416214,19805.90588599862,435.23999999999995,2.5,0.0,121.22271783824556,True,0.8879237744825023,True,True
2025-12-07,137,USDC/WETH,19380.0,20407.417551159477,435.23999999999995,2.5,0.0,395.87755115947675,True,0.8879224799999998,True,True
2025-12-07,137,USDC/WETH,19380.0,20531.8266032197,435.23999999999995,2.5,0.0,520.2866032196989,True,0.8879224799999998,True,True
2025-12-07,137,USDC/WETH,18390.78362140439,19088.866020185225,435.23999999999995,2.5,0.0,76.43456256679235,True,0.8879264368655143,True,True
2025-12-07,137,USDC/WETH,19358.896995280735,20132.409674071012,435.23999999999995,2.5,0.0,142.18370883747002,True,0.8879225644120188,True,True
2025-12-07,137,USDC/WETH,19380.0,20305.38516287863,435.23999999999995,2.5,0.0,293.8451628786288,True,0.8879224799999998,True,True
2025-12-07,137,USDC/WETH,19380.0,20192.22267243569,435.23999999999995,2.5,0.0,180.68267243569153,True,0.8879224799999998,True,True
2025-12-07,137,USDC/WETH,19380.0,20505.560818837686,435.23999999999995,2.5,0.0,494.0208188376864,True,0.8879224799999998,True,True
2025-12-07,137,USDC/WETH,19380.0,20177.393392488517,435.23999999999995,2.5,0.0,165.85339248851687,True,0.8879224799999998,True,True
2025-12-07,137,USDC/WETH,19085.657160131934,19837.488551739974,435.23999999999995,2.5,0.0,123.23482000672129,True,0.8879236573713594,True,True
2025-12-07,137,USDC/WETH,19380.0,20271.831025826883,435.23999999999995,2.5,0.0,260.291025826883,True,0.8879224799999998,True,True
2025-12-07,137,USDC/WETH,19380.0,20170.743573451473,435.23999999999995,2.5,0.0,159.20357345147295,True,0.8879224799999998,True,True
2025-12-07,137,USDC/WETH,19380.0,20354.067041650927,435.23999999999995,2.5,0.0,342.52704165092746,True,0.8879224799999998,True,True
2025-12-07,137,USDC/WETH,19380.0,20408.703663307377,435.23999999999995,2.5,0.0,397.16366330737674,True,0.8879224799999998,True,True
2025-12-07,137,USDC/WETH,19380.0,20287.191198865017,435.23999999999995,2.5,0.0,-435.23999999999995,False,0.8879224799999998,True,True
2025-12-07,137,USDC/WETH,18456.543865572607,19159.627480560855,435.23999999999995,2.5,0.0,80.77817633252289,True,0.8879261738245376,True,True
2025-12-07,137,USDC/WETH,19380.0,20514.568577322683,435.23999999999995,2.5,0.0,-435.23999999999995,False,0.8879224799999998,True,True
2025-12-07,137,USDC/WETH,19380.0,20204.06458896997,435.23999999999995,2.5,0.0,192.52458896996995,True,0.8879224799999998,True,True
2025-12-07,137,USDC/WETH,19380.0,20189.7814591847,435.23999999999995,2.5,0.0,178.24145918470185,True,0.8879224799999998,True,True
2025-12-07,137,USDC/WETH,17325.44104159707,17944.98883785271,435.23999999999995,2.5,0.0,8.55338583966909,True,0.8734645566325245,True,True
2025-12-08,137,USDC/WETH,17720.91691455434,18369.741080448013,449.28000000000003,2.5,0.0,19.834996748131516,True,0.8859291163323417,True,True
2025-12-08,137,USDC/WETH,19360.0,20431.576696185188,449.28000000000003,2.5,0.0,426.19669618518776,True,0.8859225599999999,True,True
2025-12-08,137,USDC/WETH,19360.0,20371.122532326073,449.28000000000003,2.5,0.0,-449.28000000000003,False,0.8859225599999999,True,True
2025-12-08,137,USDC/WETH,19360.0,20374.98327066076,449.28000000000003,2.5,0.0,369.60327066075945,True,0.8859225599999999,True,True
2025-12-08,137,USDC/WETH,19360.0,20404.740371242624,449.28000000000003,2.5,0.0,399.36037124262396,True,0.8859225599999999,True,True
2025-12-08,137,USDC/WETH,18730.465113190672,19455.321153183344,449.28000000000003,2.5,0.0,85.77138886076511,True,0.8859250781395471,True,True
2025-12-08,137,USDC/WETH,19360.0,20161.522719428925,449.28000000000003,2.5,0.0,156.1427194289255,True,0.8859225599999999,True,True
2025-12-08,137,USDC/WETH,19360.0,20326.976665427555,449.28000000000003,2.5,0.0,321.5966654275554,True,0.8859225599999999,True,True
2025-12-08,137,USDC/WETH,19360.0,20239.694137587332,449.28000000000003,2.5,0.0,-449.28000000000003,False,0.8859225599999999,True,True
2025-12-08,137,USDC/WETH,19360.0,20184.7825461911,449.28000000000003,2.5,0.0,179.40254619110158,True,0.8859225599999999,True,True
2025-12-08,137,USDC/WETH,19360.0,20285.03933491481,449.28000000000003,2.5,0.0,279.65933491481076,True,0.8859225599999999,True,True
2025-12-08,137,USDC/WETH,19360.0,20363.278196503623,449.28000000000003,2.5,0.0,357.8981965036229,True,0.8859225599999999,True,True
2025-12-08,137,USDC/WETH,19360.0,20206.22121168134,449.28000000000003,2.5,0.0,200.8412116813389,True,0.8859225599999999,True,True
2025-12-08,137,USDC/WETH,18433.40138665843,19135.447433521364,449.28000000000003,2.5,0.0,65.93203299635104,True,0.8859262663944533,True,True
2025-12-08,137,USDC/WETH,19360.0,20417.96928287422,449.28000000000003,2.5,0.0,412.58928287421907,True,0.8859225599999999,True,True
2025-12-08,137,USDC/WETH,19360.0,20300.369821720553,449.28000000000003,2.5,0.0,294.98982172055287,True,0.8859225599999999,True,True
2025-12-08,137,USDC/WETH,19360.0,20238.1180215778,449.28000000000003,2.5,0.0,232.7380215778004,True,0.8859225599999999,True,True
2025-12-08,137,USDC/WETH,19360.0,20282.705297185403,449.28000000000003,2.5,0.0,277.32529718540275,True,0.8859225599999999,True,True
2025-12-08,137,USDC/WETH,19360.0,20493.49993266792,449.28000000000003,2.5,0.0,488.1199326679208,True,0.8859225599999999,True,True
2025-12-08,137,USDC/WETH,19360.0,20286.747636514498,449.28000000000003,2.5,0.0,281.3676365144976,True,0.8859225599999999,True,True
2025-12-08,137,USDC/WETH,19360.0,20281.262187041473,449.28000000000003,2.5,0.0,275.88218704147323,True,0.8859225599999999,True,True
2025-12-08,137,USDC/WETH,19360.0,20273.586002812634,449.28000000000003,2.5,0.0,268.2060028126335,True,0.8859225599999999,True,True
2025-12-08,137,USDC/WETH,19360.0,20410.78268754537,449.28000000000003,2.5,0.0,405.4026875453684,True,0.8859225599999999,True,True
2025-12-08,137,USDC/WETH,19360.0,20234.83962020016,449.28000000000003,2.5,0.0,-449.28000000000003,False,0.8859225599999999,True,True
2025-12-08,137,USDC/WETH,19360.0,20447.419552744774,449.28000000000003,2.5,0.0,442.0395527447737,True,0.8859225599999999,True,True
2025-12-08,137,USDC/WETH,19360.0,20418.22397796839,449.28000000000003,2.5,0.0,412.8439779683914,True,0.8859225599999999,True,True
2025-12-08,137,USDC/WETH,19360.0,20400.23194532159,449.28000000000003,2.5,0.0,394.8519453215896,True,0.8859225599999999,True,True
2025-12-08,137,USDC/WETH,19360.0,20303.6091932419,449.28000000000003,2.5,0.0,298.22919324190036,True,0.8859225599999999,True,True
2025-12-08,137,USDC/WETH,17637.038686204312,18279.735243267674,449.28000000000003,2.5,0.0,14.546170201318773,True,0.8859294518452551,True,True
2025-12-08,137,USDC/WETH,19360.0,20481.28820728282,449.28000000000003,2.5,0.0,475.90820728282154,True,0.8859225599999999,True,True
2025-12-08,137,USDC/WETH,19359.73044061431,20134.10887601358,449.28000000000003,2.5,0.0,129.0011309931274,True,0.8859225610782374,True,True
2025-12-08,137,USDC/WETH,19360.0,20460.20872063174,449.28000000000003,2.5,0.0,454.828720631741,True,0.8859225599999999,True,True
2025-12-08,137,USDC/WETH,19360.0,20423.26114955271,449.28000000000003,2.5,0.0,417.88114955270896,True,0.8859225599999999,True,True
2025-12-08,137,USDC/WETH,19360.0,20230.63082616896,449.28000000000003,2.5,0.0,225.25082616895918,True,0.8859225599999999,True,True
2025-12-08,137,USDC/WETH,19360.0,20496.366081156106,449.28000000000003,2.5,0.0,490.9860811561058,True,0.8859225599999999,True,True
2025-12-08,137,USDC/WETH,19360.0,20442.630054188037,449.28000000000003,2.5,0.0,437.2500541880373,True,0.8859225599999999,True,True
2025-12-08,137,USDC/WETH,19360.0,20329.995835007412,449.28000000000003,2.5,0.0,324.6158350074121,True,0.8859225599999999,True,True
2025-12-08,137,USDC/WETH,19360.0,20443.5869535803,449.28000000000003,2.5,0.0,438.20695358029946,True,0.8859225599999999,True,True
2025-12-08,137,USDC/WETH,19360.0,20269.604052368806,449.28000000000003,2.5,0.0,264.22405236880616,True,0.8859225599999999,True,True
2025-12-08,137,USDC/WETH,19360.0,20419.90410293469,449.28000000000003,2.5,0.0,414.52410293469177,True,0.8859225599999999,True,True
2025-12-08,137,USDC/WETH,19360.0,20511.967907003866,449.28000000000003,2.5,0.0,506.58790700386555,True,0.8859225599999999,True,True
2025-12-08,137,USDC/WETH,19360.0,20455.266011542233,449.28000000000003,2.5,0.0,449.8860115422332,True,0.8859225599999999,True,True
2025-12-08,137,USDC/WETH,19360.0,20416.746383127258,449.28000000000003,2.5,0.0,411.366383127258,True,0.8859225599999999,True,True
2025-12-08,137,USDC/WETH,19360.0,20429.065889613677,449.28000000000003,2.5,0.0,423.68588961367743,True,0.8859225599999999,True,True
2025-12-08,137,USDC/WETH,19360.0,20169.457753161078,449.28000000000003,2.5,0.0,164.07775316107757,True,0.8859225599999999,True,True
2025-12-08,137,USDC/WETH,19360.0,20335.415854287847,449.28000000000003,2.5,0.0,330.03585428784675,True,0.8859225599999999,True,True
2025-12-08,137,USDC/WETH,19360.0,20405.385541194635,449.28000000000003,2.5,0.0,-449.28000000000003,False,0.8859225599999999,True,True
2025-12-08,137,USDC/WETH,19360.0,20194.592664618645,449.28000000000003,2.5,0.0,189.21266461864536,True,0.8859225599999999,True,True
2025-12-08,137,USDC/WETH,19360.0,20488.223303006092,449.28000000000003,2.5,0.0,-449.28000000000003,False,0.8859225599999999,True,True
2025-12-08,137,USDC/WETH,19360.0,20318.12379231563,449.28000000000003,2.5,0.0,312.74379231562955,True,0.8859225599999999,True,True
2025-12-08,137,USDC/WETH,19360.0,20177.376545283667,449.28000000000003,2.5,0.0,171.99654528366693,True,0.8859225599999999,True,True
2025-12-08,137,USDC/WETH,19360.0,20483.08426553455,449.28000000000003,2.5,0.0,477.7042655345514,True,0.8859225599999999,True,True
2025-12-08,137,USDC/WETH,19360.0,20199.800684935602,449.28000000000003,2.5,0.0,194.42068493560248,True,0.8859225599999999,True,True
2025-12-08,137,USDC/WETH,17626.772532667535,18268.72110687911,449.28000000000003,2.5,0.0,13.90084888490037,True,0.8859294929098692,True,True
2025-12-08,137,USDC/WETH,19360.0,20421.191811872377,449.28000000000003,2.5,0.0,-449.28000000000003,False,0.8859225599999999,True,True
2025-12-08,137,USDC/WETH,19360.0,20273.902222632627,449.28000000000003,2.5,0.0,268.52222263262695,True,0.8859225599999999,True,True
2025-12-08,137,USDC/WETH,19360.0,20330.38585627803,449.28000000000003,2.5,0.0,325.0058562780297,True,0.8859225599999999,True,True
2025-12-08,137,USDC/WETH,19360.0,20142.44367326088,449.28000000000003,2.5,0.0,137.06367326088105,True,0.8859225599999999,True,True
2025-12-08,137,USDC/WETH,18064.153771189234,18738.355530423058,449.28000000000003,2.5,0.0,41.780221521931026,True,0.8859277433849151,True,True
2025-12-08,137,USDC/WETH,19360.0,20220.620318109064,449.28000000000003,2.5,0.0,215.2403181090641,True,0.8859225599999999,True,True
2025-12-08,137,USDC/WETH,19360.0,20378.530362030982,449.28000000000003,2.5,0.0,373.15036203098236,True,0.8859225599999999,True,True
2025-12-08,137,USDC/WETH,19360.0,20284.63203602431,449.28000000000003,2.5,0.0,279.2520360243117,True,0.8859225599999999,True,True
2025-12-08,137,USDC/WETH,19360.0,20315.192920985206,449.28000000000003,2.5,0.0,309.812920985206,True,0.8859225599999999,True,True
2025-12-08,137,USDC/WETH,19022.708571006595,19770.36030938975,449.28000000000003,2.5,0.0,105.64465267309004,True,0.8859239091657158,True,True
2025-12-08,137,USDC/WETH,18738.999059133894,19464.5157652046,449.28000000000003,2.5,0.0,86.34671547936728,True,0.8859250440037634,True,True
2025-12-08,137,USDC/WETH,19360.0,20176.17554122788,449.28000000000003,2.5,0.0,170.79554122787988,True,0.8859225599999999,True,True
2025-12-08,137,USDC/WETH,19360.0,20337.501223183168,449.28000000000003,2.5,0.0,332.1212231831679,True,0.8859225599999999,True,True
2025-12-08,137,USDC/WETH,19360.0,20185.520982752456,449.28000000000003,2.5,0.0,180.1409827524559,True,0.8859225599999999,True,True
2025-12-09,137,USDC/WETH,19340.0,20427.48301957123,463.32,2.5,0.0,428.2630195712311,True,0.8839226399999999,True,True
2025-12-09,137,USDC/WETH,19340.0,20125.169194870683,463.32,2.5,0.0,125.94919487068296,True,0.8839226399999999,True,True
2025-12-09,137,USDC/WETH,19340.0,20124.33624799908,463.32,2.5,0.0,125.11624799907918,True,0.8839226399999999,True,True
2025-12-09,137,USDC/WETH,19340.0,20139.06213815802,463.32,2.5,0.0,139.84213815802036,True,0.8839226399999999,True,True
2025-12-09,137,USDC/WETH,19340.0,20445.50270448183,463.32,2.5,0.0,446.2827044818307,True,0.8839226399999999,True,True
2025-12-09,137,USDC/WETH,19340.0,20343.02433029046,463.32,2.5,0.0,343.80433029046003,True,0.8839226399999999,True,True
2025-12-09,137,USDC/WETH,19340.0,20464.799437190875,463.32,2.5,0.0,465.5794371908753,True,0.8839226399999999,True,True
2025-12-09,137,USDC/WETH,17840.73422573146,18499.041976947974,463.32,2.5,0.0,14.080408959199985,True,0.883928637063097,True,True
2025-12-09,137,USDC/WETH,19340.0,20362.554709093234,463.32,2.5,0.0,363.3347090932341,True,0.8839226399999999,True,True
2025-12-09,137,USDC/WETH,19340.0,20433.416108889895,463.32,2.5,0.0,434.1961088898945,True,0.8839226399999999,True,True
2025-12-09,137,USDC/WETH,19340.0,20454.37505094179,463.32,2.5,0.0,455.1550509417914,True,0.8839226399999999,True,True
2025-12-09,137,USDC/WETH,19340.0,20294.037621731102,463.32,2.5,0.0,294.81762173110224,True,0.8839226399999999,True,True
2025-12-09,137,USDC/WETH,19340.0,20147.750694381986,463.32,2.5,0.0,148.53069438198622,True,0.8839226399999999,True,True
2025-12-09,137,USDC/WETH,18717.08272655579,19441.65188021191,463.32,2.5,0.0,71.57832639056289,True,0.8839251316690937,True,True
2025-12-09,137,USDC/WETH,19340.0,20449.779062932204,463.32,2.5,0.0,450.55906293220437,True,0.8839226399999999,True,True
2025-12-09,137,USDC/WETH,19340.0,20273.29943390925,463.32,2.5,0.0,-463.32,False,0.8839226399999999,True,True
2025-12-09,137,USDC/WETH,19340.0,20119.62492607055,463.32,2.5,0.0,120.40492607055171,True,0.8839226399999999,True,True
2025-12-09,137,USDC/WETH,19340.0,20145.888685121412,463.32,2.5,0.0,146.66868512141195,True,0.8839226399999999,True,True
2025-12-09,137,USDC/WETH,19340.0,20494.993895233405,463.32,2.5,0.0,495.773895233405,True,0.8839226399999999,True,True
2025-12-09,137,USDC/WETH,19340.0,20196.786888061786,463.32,2.5,0.0,197.56688806178613,True,0.8839226399999999,True,True
2025-12-09,137,USDC/WETH,19340.0,20437.297757553642,463.32,2.5,0.0,438.0777575536424,True,0.8839226399999999,True,True
2025-12-09,137,USDC/WETH,19340.0,20265.32525937255,463.32,2.5,0.0,266.1052593725483,True,0.8839226399999999,True,True
2025-12-09,137,USDC/WETH,19340.0,20254.33042063027,463.32,2.5,0.0,255.11042063027094,True,0.8839226399999999,True,True
2025-12-09,137,USDC/WETH,19301.724806146205,20072.26582060784,463.32,2.5,0.0,111.70376640017412,True,0.8839227931007753,True,True
2025-12-09,137,USDC/WETH,19340.0,20422.94852806314,463.32,2.5,0.0,423.72852806314154,True,0.8839226399999999,True,True
2025-12-09,137,USDC/WETH,19340.0,20205.598500269578,463.32,2.5,0.0,206.3785002695779,True,0.8839226399999999,True,True
2025-12-09,137,USDC/WETH,19340.0,20143.823808635756,463.32,2.5,0.0,144.60380863575597,True,0.8839226399999999,True,True
2025-12-09,137,USDC/WETH,17935.121394210164,18600.413182059296,463.32,2.5,0.0,20.120573907030007,True,0.8839282595144231,True,True
2025-12-09,137,USDC/WETH,19340.0,20197.22631587369,463.32,2.5,0.0,198.00631587368957,True,0.8839226399999999,True,True
2025-12-09,137,USDC/WETH,19340.0,20139.271379706457,463.32,2.5,0.0,140.05137970645706,True,0.8839226399999999,True,True
2025-12-09,137,USDC/WETH,19340.0,20180.562239030056,463.32,2.5,0.0,181.3422390300559,True,0.8839226399999999,True,True
2025-12-09,137,USDC/WETH,18946.883440675374,19689.35374494536,463.32,2.5,0.0,-463.32,False,0.8839242124662372,True,True
2025-12-09,137,USDC/WETH,19340.0,20181.53286798249,463.32,2.5,0.0,182.3128679824888,True,0.8839226399999999,True,True
2025-12-09,137,USDC/WETH,19340.0,20352.909384274324,463.32,2.5,0.0,353.6893842743241,True,0.8839226399999999,True,True
2025-12-09,137,USDC/WETH,19340.0,20309.444953994454,463.32,2.5,0.0,310.2249539944544,True,0.8839226399999999,True,True
2025-12-09,137,USDC/WETH,19340.0,20137.161399155848,463.32,2.5,0.0,137.94139915584788,True,0.8839226399999999,True,True
2025-12-09,137,USDC/WETH,19340.0,20314.446834756574,463.32,2.5,0.0,315.22683475657436,True,0.8839226399999999,True,True
2025-12-09,137,USDC/WETH,19340.0,20301.32261482773,463.32,2.5,0.0,302.1026148277317,True,0.8839226399999999,True,True
2025-12-09,137,USDC/WETH,19340.0,20233.8534562204,463.32,2.5,0.0,234.63345622040038,True,0.8839226399999999,True,True
2025-12-09,137,USDC/WETH,19340.0,20356.625277111638,463.32,2.5,0.0,357.4052771116378,True,0.8839226399999999,True,True
2025-12-09,137,USDC/WETH,19340.0,20349.76105826783,463.32,2.5,0.0,350.54105826783166,True,0.8839226399999999,True,True
2025-12-09,137,USDC/WETH,19340.0,20400.585432687873,463.32,2.5,0.0,401.3654326878725,True,0.8839226399999999,True,True
2025-12-09,137,USDC/WETH,19340.0,20355.08619818668,463.32,2.5,0.0,355.8661981866801,True,0.8839226399999999,True,True
2025-12-09,137,USDC/WETH,19340.0,20293.417033969574,463.32,2.5,0.0,294.1970339695738,True,0.8839226399999999,True,True
2025-12-09,137,USDC/WETH,19340.0,20488.57365239892,463.32,2.5,0.0,489.35365239892167,True,0.8839226399999999,True,True
2025-12-09,137,USDC/WETH,19166.964615033346,19926.783710284515,463.32,2.5,0.0,102.32944910083518,True,0.8839233321415397,True,True
2025-12-09,137,USDC/WETH,19340.0,20221.38658631879,463.32,2.5,0.0,222.1665863187893,True,0.8839226399999999,True,True
2025-12-09,137,USDC/WETH,18051.708088521198,18725.677405818366,463.32,2.5,0.0,27.632236411955432,True,0.8839277931676458,True,True
2025-12-09,137,USDC/WETH,19340.0,20425.618763853803,463.32,2.5,0.0,426.3987638538031,True,0.8839226399999999,True,True
2025-12-09,137,USDC/WETH,19340.0,20371.531689873365,463.32,2.5,0.0,372.31168987336537,True,0.8839226399999999,True,True
2025-12-09,137,USDC/WETH,18892.6804830666,19630.90876814467,463.32,2.5,0.0,83.48148024740249,True,0.8839244292780676,True,True
2025-12-09,137,USDC/WETH,19340.0,20335.687064617327,463.32,2.5,0.0,336.4670646173265,True,0.8839226399999999,True,True
2025-12-09,137,USDC/WETH,19340.0,20346.989689695198,463.32,2.5,0.0,347.7696896951977,True,0.8839226399999999,True,True
2025-12-09,137,USDC/WETH,19340.0,20449.290532970863,463.32,2.5,0.0,450.0705329708628,True,0.8839226399999999,True,True
2025-12-09,137,USDC/WETH,19340.0,20342.14590671933,463.32,2.5,0.0,342.92590671932817,True,0.8839226399999999,True,True
2025-12-09,137,USDC/WETH,19340.0,20309.672353197657,463.32,2.5,0.0,310.45235319765675,True,0.8839226399999999,True,True
2025-12-09,137,USDC/WETH,19340.0,20319.191388843403,463.32,2.5,0.0,319.9713888434028,True,0.8839226399999999,True,True
2025-12-10,137,USDC/WETH,19040.38056876461,19790.972892167072,477.36,2.5,0.0,-477.36,False,0.8819238384777248,True,True
2025-12-10,137,USDC/WETH,19320.0,20160.287219333597,477.36,2.5,0.0,167.22721933359696,True,0.8819227199999999,True,True
2025-12-10,137,USDC/WETH,19320.0,20134.73219777191,477.36,2.5,0.0,141.6721977719111,True,0.8819227199999999,True,True
2025-12-10,137,USDC/WETH,19320.0,20114.745023536085,477.36,2.5,0.0,121.68502353608471,True,0.8819227199999999,True,True
2025-12-10,137,USDC/WETH,19320.0,20125.10135067181,477.36,2.5,0.0,132.04135067181176,True,0.8819227199999999,True,True
2025-12-10,137,USDC/WETH,19320.0,20409.421035752675,477.36,2.5,0.0,416.3610357526753,True,0.8819227199999999,True,True
2025-12-10,137,USDC/WETH,19320.0,20451.684274738538,477.36,2.5,0.0,458.624274738538,True,0.8819227199999999,True,True
2025-12-10,137,USDC/WETH,19320.0,20171.4180397306,477.36,2.5,0.0,178.3580397306008,True,0.8819227199999999,True,True
2025-12-10,137,USDC/WETH,19320.0,20149.472476743766,477.36,2.5,0.0,156.41247674376552,True,0.8819227199999999,True,True
2025-12-10,137,USDC/WETH,19320.0,20306.621652763097,477.36,2.5,0.0,313.56165276309673,True,0.8819227199999999,True,True
2025-12-10,137,USDC/WETH,19320.0,20270.302965221857,477.36,2.5,0.0,277.2429652218574,True,0.8819227199999999,True,True
2025-12-10,137,USDC/WETH,19320.0,20402.80274714674,477.36,2.5,0.0,409.74274714673936,True,0.8819227199999999,True,True
2025-12-10,137,USDC/WETH,19320.0,20400.630425899046,477.36,2.5,0.0,407.57042589904574,True,0.8819227199999999,True,True
2025-12-10,137,USDC/WETH,19320.0,20279.340126406176,477.36,2.5,0.0,286.2801264061758,True,0.8819227199999999,True,True
2025-12-10,137,USDC/WETH,19320.0,20223.105108189025,477.36,2.5,0.0,230.04510818902543,True,0.8819227199999999,True,True
2025-12-10,137,USDC/WETH,19320.0,20282.783842285593,477.36,2.5,0.0,289.7238422855929,True,0.8819227199999999,True,True
2025-12-10,137,USDC/WETH,19320.0,20364.86782316638,477.36,2.5,0.0,371.80782316637976,True,0.8819227199999999,True,True
2025-12-10,137,USDC/WETH,19320.0,20226.474325752202,477.36,2.5,0.0,233.41432575220222,True,0.8819227199999999,True,True
2025-12-10,137,USDC/WETH,18059.810100191513,18735.082855584842,477.36,2.5,0.0,14.814654391414024,True,0.8819277607595991,True,True
2025-12-10,137,USDC/WETH,19320.0,20101.490415411852,477.36,2.5,0.0,-477.36,False,0.8819227199999999,True,True
2025-12-10,137,USDC/WETH,19320.0,20377.45537909652,477.36,2.5,0.0,384.39537909651824,True,0.8819227199999999,True,True
2025-12-10,137,USDC/WETH,18679.20991602803,19401.59683753329,477.36,2.5,0.0,55.73482234497783,True,0.8819252831603358,True,True
2025-12-10,137,USDC/WETH,19320.0,20344.652269624716,477.36,2.5,0.0,351.59226962471564,True,0.8819227199999999,True,True
2025-12-10,137,USDC/WETH,19320.0,20423.50061301509,477.36,2.5,0.0,430.44061301509043,True,0.8819227199999999,True,True
2025-12-10,137,USDC/WETH,19320.0,20211.549226932,477.36,2.5,0.0,218.48922693199836,True,0.8819227199999999,True,True
2025-12-10,137,USDC/WETH,19320.0,20366.731680839035,477.36,2.5,0.0,373.67168083903505,True,0.8819227199999999,True,True
2025-12-10,137,USDC/WETH,19320.0,20432.64116694155,477.36,2.5,0.0,439.5811669415501,True,0.8819227199999999,True,True
2025-12-10,137,USDC/WETH,18488.265653421393,19195.959166612865,477.36,2.5,0.0,42.950856657258555,True,0.8819260469373862,True,True
2025-12-10,137,USDC/WETH,18857.756539194437,19594.019441247296,477.36,2.5,0.0,67.82533666091399,True,0.8819245689738431,True,True
2025-12-10,137,USDC/WETH,19320.0,20265.212114914135,477.36,2.5,0.0,272.1521149141348,True,0.8819227199999999,True,True
2025-12-10,137,USDC/WETH,19320.0,20160.469697563327,477.36,2.5,0.0,167.40969756332686,True,0.8819227199999999,True,True
2025-12-10,137,USDC/WETH,19320.0,20137.90666934629,477.36,2.5,0.0,144.8466693462882,True,0.8819227199999999,True,True
2025-12-10,137,USDC/WETH,19320.0,20192.661705740247,477.36,2.5,0.0,199.6017057402472,True,0.8819227199999999,True,True
2025-12-10,137,USDC/WETH,19320.0,20448.079809702733,477.36,2.5,0.0,455.0198097027327,True,0.8819227199999999,True,True
2025-12-10,137,USDC/WETH,19320.0,20257.301202551345,477.36,2.5,0.0,264.2412025513453,True,0.8819227199999999,True,True
2025-12-10,137,USDC/WETH,19320.0,20419.604318810216,477.36,2.5,0.0,426.5443188102157,True,0.8819227199999999,True,True
2025-12-10,137,USDC/WETH,19320.0,20169.35334696445,477.36,2.5,0.0,176.29334696444982,True,0.8819227199999999,True,True
2025-12-10,137,USDC/WETH,19320.0,20347.493395251615,477.36,2.5,0.0,354.4333952516148,True,0.8819227199999999,True,True
2025-12-10,137,USDC/WETH,19320.0,20200.129715712897,477.36,2.5,0.0,207.0697157128974,True,0.8819227199999999,True,True
2025-12-10,137,USDC/WETH,18302.378304849637,18995.912573201254,477.36,2.5,0.0,30.650485303120945,True,0.8819267904867805,True,True
2025-12-10,137,USDC/WETH,19320.0,20277.751315793375,477.36,2.5,0.0,284.69131579337534,True,0.8819227199999999,True,True
2025-12-10,137,USDC/WETH,19320.0,20200.12095390526,477.36,2.5,0.0,207.0609539052615,True,0.8819227199999999,True,True
2025-12-10,137,USDC/WETH,19320.0,20404.9095919121,477.36,2.5,0.0,-477.36,False,0.8819227199999999,True,True
2025-12-10,137,USDC/WETH,19320.0,20186.31384382439,477.36,2.5,0.0,193.2538438243913,True,0.8819227199999999,True,True
2025-12-10,137,USDC/WETH,19320.0,20134.20190167317,477.36,2.5,0.0,141.14190167316826,True,0.8819227199999999,True,True
2025-12-10,137,USDC/WETH,19320.0,20227.09325204057,477.36,2.5,0.0,234.03325204056944,True,0.8819227199999999,True,True
2025-12-10,137,USDC/WETH,19320.0,20126.603485151867,477.36,2.5,0.0,133.543485151867,True,0.8819227199999999,True,True
2025-12-10,137,USDC/WETH,19320.0,20452.849637622407,477.36,2.5,0.0,459.78963762240653,True,0.8819227199999999,True,True
2025-12-10,137,USDC/WETH,19320.0,20210.66054210916,477.36,2.5,0.0,217.60054210915894,True,0.8819227199999999,True,True
2025-12-10,137,USDC/WETH,19320.0,20372.493716032168,477.36,2.5,0.0,379.4337160321678,True,0.8819227199999999,True,True
2025-12-10,137,USDC/WETH,19320.0,20232.821587637933,477.36,2.5,0.0,239.76158763793262,True,0.8819227199999999,True,True
2025-12-10,137,USDC/WETH,19320.0,20145.6883995769,477.36,2.5,0.0,152.62839957689846,True,0.8819227199999999,True,True
2025-12-10,137,USDC/WETH,19320.0,20423.832585736483,477.36,2.5,0.0,-477.36,False,0.8819227199999999,True,True
2025-12-10,137,USDC/WETH,19320.0,20354.94061345024,477.36,2.5,0.0,361.8806134502387,True,0.8819227199999999,True,True
2025-12-10,137,USDC/WETH,19320.0,20338.096491606706,477.36,2.5,0.0,345.0364916067059,True,0.8819227199999999,True,True
2025-12-10,137,USDC/WETH,19320.0,20440.692536234277,477.36,2.5,0.0,447.63253623427715,True,0.8819227199999999,True,True
2025-12-10,137,USDC/WETH,19281.933603433874,20051.691291813237,477.36,2.5,0.0,-477.36,False,0.8819228722655862,True,True
2025-12-10,137,USDC/WETH,18628.67430614994,19347.15775626301,477.36,2.5,0.0,-477.36,False,0.8819254853027753,True,True
2025-12-10,137,USDC/WETH,19320.0,20126.6453795827,477.36,2.5,0.0,-477.36,False,0.8819227199999999,True,True
2025-12-10,137,USDC/WETH,19320.0,20129.913099031564,477.36,2.5,0.0,-477.36,False,0.8819227199999999,True,True
2025-12-10,137,USDC/WETH,19320.0,20179.49236541803,477.36,2.5,0.0,186.43236541803105,True,0.8819227199999999,True,True
2025-12-10,137,USDC/WETH,19320.0,20326.625469568957,477.36,2.5,0.0,333.5654695689567,True,0.8819227199999999,True,True
2025-12-10,137,USDC/WETH,19022.924194143776,19772.140850243446,477.36,2.5,0.0,79.12741415823245,True,0.8819239083032233,True,True
2025-12-10,137,USDC/WETH,19320.0,20355.810995320273,477.36,2.5,0.0,362.75099532027286,True,0.8819227199999999,True,True
2025-12-10,137,USDC/WETH,19320.0,20195.487947323625,477.36,2.5,0.0,202.42794732362506,True,0.8819227199999999,True,True
2025-12-10,137,USDC/WETH,19320.0,20402.32102854148,477.36,2.5,0.0,409.2610285414788,True,0.8819227199999999,True,True
2025-12-10,137,USDC/WETH,19320.0,20387.68547478865,477.36,2.5,0.0,394.62547478864997,True,0.8819227199999999,True,True
2025-12-10,137,USDC/WETH,19320.0,20478.965884844547,477.36,2.5,0.0,485.9058848445469,True,0.8819227199999999,True,True
2025-12-11,137,USDC/WETH,19217.595985944245,19983.017738232287,491.4,2.5,0.0,79.34579242860013,True,0.8799231296160561,True,True
2025-12-11,137,USDC/WETH,19300.0,20433.1331981687,491.4,2.5,0.0,446.2331981686999,True,0.8799227999999999,True,True
2025-12-11,137,USDC/WETH,19300.0,20128.91278295336,491.4,2.5,0.0,142.0127829533609,True,0.8799227999999999,True,True
2025-12-11,137,USDC/WETH,19300.0,20084.47864517092,491.4,2.5,0.0,97.57864517091878,True,0.8799227999999999,True,True
2025-12-11,137,USDC/WETH,19300.0,20143.23611412363,491.4,2.5,0.0,-491.4,False,0.8799227999999999,True,True
2025-12-11,137,USDC/WETH,18695.62579587796,19420.032892042724,491.4,2.5,0.0,43.550838205983496,True,0.8799252174968164,True,True
2025-12-11,137,USDC/WETH,19300.0,20247.78975721224,491.4,2.5,0.0,260.88975721223835,True,0.8799227999999999,True,True
2025-12-11,137,USDC/WETH,19300.0,20158.097246091176,491.4,2.5,0.0,171.19724609117623,True,0.8799227999999999,True,True
2025-12-11,137,USDC/WETH,19300.0,20434.567885659442,491.4,2.5,0.0,-491.4,False,0.8799227999999999,True,True
2025-12-11,137,USDC/WETH,19300.0,20242.32201908291,491.4,2.5,0.0,255.42201908290883,True,0.8799227999999999,True,True
2025-12-11,137,USDC/WETH,19300.0,20201.379043317225,491.4,2.5,0.0,214.47904331722532,True,0.8799227999999999,True,True
2025-12-11,137,USDC/WETH,19300.0,20404.173092656198,491.4,2.5,0.0,417.2730926561977,True,0.8799227999999999,True,True
2025-12-11,137,USDC/WETH,18583.583713416396,19299.33414581755,491.4,2.5,0.0,36.01459526698943,True,0.8799256656651462,True,True
2025-12-11,137,USDC/WETH,19300.0,20239.38759039786,491.4,2.5,0.0,252.48759039785875,True,0.8799227999999999,True,True
2025-12-11,137,USDC/WETH,19300.0,20344.404399699088,491.4,2.5,0.0,357.5043996990877,True,0.8799227999999999,True,True
2025-12-11,137,USDC/WETH,19300.0,20225.938796899638,491.4,2.5,0.0,239.038796899638,True,0.8799227999999999,True,True
2025-12-11,137,USDC/WETH,19300.0,20317.58953087967,491.4,2.5,0.0,330.6895308796717,True,0.8799227999999999,True,True
2025-12-11,137,USDC/WETH,19300.0,20143.095290439767,491.4,2.5,0.0,156.1952904397673,True,0.8799227999999999,True,True
2025-12-11,137,USDC/WETH,19300.0,20393.68524620027,491.4,2.5,0.0,406.7852462002717,True,0.8799227999999999,True,True
2025-12-11,137,USDC/WETH,19300.0,20278.804552089154,491.4,2.5,0.0,291.90455208915375,True,0.8799227999999999,True,True
2025-12-11,137,USDC/WETH,19300.0,20323.97256769537,491.4,2.5,0.0,337.0725676953713,True,0.8799227999999999,True,True
2025-12-11,137,USDC/WETH,19300.0,20078.14137108703,491.4,2.5,0.0,91.24137108702928,True,0.8799227999999999,True,True
2025-12-11,137,USDC/WETH,19300.0,20303.80464277009,491.4,2.5,0.0,316.90464277009016,True,0.8799227999999999,True,True
2025-12-11,137,USDC/WETH,19300.0,20299.647139015568,491.4,2.5,0.0,312.74713901556754,True,0.8799227999999999,True,True
2025-12-11,137,USDC/WETH,19300.0,20177.190131602412,491.4,2.5,0.0,190.29013160241232,True,0.8799227999999999,True,True
2025-12-11,137,USDC/WETH,19300.0,20316.89871739762,491.4,2.5,0.0,329.9987173976202,True,0.8799227999999999,True,True
2025-12-11,137,USDC/WETH,19300.0,20286.960196027063,491.4,2.5,0.0,300.06019602706294,True,0.8799227999999999,True,True
2025-12-11,137,USDC/WETH,19300.0,20413.627782173102,491.4,2.5,0.0,426.7277821731019,True,0.8799227999999999,True,True
2025-12-11,137,USDC/WETH,19300.0,20193.29807893719,491.4,2.5,0.0,206.39807893719046,True,0.8799227999999999,True,True
2025-12-11,137,USDC/WETH,19300.0,20204.80319030066,491.4,2.5,0.0,217.9031903006595,True,0.8799227999999999,True,True
2025-12-11,137,USDC/WETH,19300.0,20296.630974236345,491.4,2.5,0.0,309.73097423634465,True,0.8799227999999999,True,True
2025-12-11,137,USDC/WETH,19300.0,20096.606670933714,491.4,2.5,0.0,109.70667093371378,True,0.8799227999999999,True,True
2025-12-11,137,USDC/WETH,19300.0,20241.55211114282,491.4,2.5,0.0,254.65211114282067,True,0.8799227999999999,True,True
2025-12-11,137,USDC/WETH,19300.0,20251.59461576082,491.4,2.5,0.0,264.6946157608196,True,0.8799227999999999,True,True
2025-12-11,137,USDC/WETH,19300.0,20366.075827830966,491.4,2.5,0.0,379.1758278309659,True,0.8799227999999999,True,True
2025-12-11,137,USDC/WETH,18589.748229748737,19305.973596060543,491.4,2.5,0.0,36.42788401431892,True,0.8799256410070809,True,True
2025-12-11,137,USDC/WETH,19300.0,20188.275226824502,491.4,2.5,0.0,201.3752268245022,True,0.8799227999999999,True,True
2025-12-11,137,USDC/WETH,18602.012437124984,19319.183145334213,491.4,2.5,0.0,37.25058383797909,True,0.8799255919502514,True,True
2025-12-11,137,USDC/WETH,19300.0,20289.73174793814,491.4,2.5,0.0,302.8317479381418,True,0.8799227999999999,True,True
2025-12-11,137,USDC/WETH,19300.0,20078.6248881966,491.4,2.5,0.0,91.7248881965985,True,0.8799227999999999,True,True
2025-12-11,137,USDC/WETH,19300.0,20279.73800120765,491.4,2.5,0.0,292.8380012076501,True,0.8799227999999999,True,True
2025-12-11,137,USDC/WETH,19300.0,20105.560057185725,491.4,2.5,0.0,118.6600571857249,True,0.8799227999999999,True,True
2025-12-11,137,USDC/WETH,19300.0,20128.091172859065,491.4,2.5,0.0,141.19117285906543,True,0.8799227999999999,True,True
2025-12-11,137,USDC/WETH,19300.0,20121.11734173787,491.4,2.5,0.0,134.21734173787047,True,0.8799227999999999,True,True
2025-12-11,137,USDC/WETH,19245.69343021271,20013.35501696863,491.4,2.5,0.0,81.30465245379605,True,0.8799230172262791,True,True
2025-12-11,137,USDC/WETH,19300.0,20215.793858884637,491.4,2.5,0.0,228.89385888463732,True,0.8799227999999999,True,True
2025-12-11,137,USDC/WETH,19300.0,20439.613870100104,491.4,2.5,0.0,452.7138701001037,True,0.8799227999999999,True,True
2025-12-11,137,USDC/WETH,19300.0,20227.098173552004,491.4,2.5,0.0,240.1981735520036,True,0.8799227999999999,True,True
2025-12-11,137,USDC/WETH,18870.814841008574,19608.861789741488,491.4,2.5,0.0,55.438800322828,True,0.8799245167406359,True,True
2025-12-11,137,USDC/WETH,19300.0,20203.824102725303,491.4,2.5,0.0,216.92410272530253,True,0.8799227999999999,True,True
2025-12-11,137,USDC/WETH,19300.0,20271.24872192187,491.4,2.5,0.0,284.34872192187106,True,0.8799227999999999,True,True
2025-12-11,137,USDC/WETH,19300.0,20242.026874636773,491.4,2.5,0.0,255.12687463677287,True,0.8799227999999999,True,True
2025-12-11,137,USDC/WETH,19300.0,20161.523170630826,491.4,2.5,0.0,174.62317063082594,True,0.8799227999999999,True,True
2025-12-11,137,USDC/WETH,19300.0,20395.447344051918,491.4,2.5,0.0,408.5473440519178,True,0.8799227999999999,True,True
2025-12-11,137,USDC/WETH,19300.0,20182.967349741455,491.4,2.5,0.0,196.06734974145513,True,0.8799227999999999,True,True
2025-12-11,137,USDC/WETH,19300.0,20177.479242014015,491.4,2.5,0.0,190.57924201401477,True,0.8799227999999999,True,True
2025-12-11,137,USDC/WETH,19300.0,20262.384877591034,491.4,2.5,0.0,275.48487759103375,True,0.8799227999999999,True,True
2025-12-11,137,USDC/WETH,19300.0,20246.68144883089,491.4,2.5,0.0,259.7814488308883,True,0.8799227999999999,True,True
2025-12-11,137,USDC/WETH,19300.0,20129.014386117164,491.4,2.5,0.0,142.1143861171637,True,0.8799227999999999,True,True
2025-12-11,137,USDC/WETH,19300.0,20340.100988730246,491.4,2.5,0.0,353.2009887302462,True,0.8799227999999999,True,True
2025-12-11,137,USDC/WETH,19300.0,20141.86651289227,491.4,2.5,0.0,154.9665128922694,True,0.8799227999999999,True,True
2025-12-11,137,USDC/WETH,19300.0,20212.928411763,491.4,2.5,0.0,226.02841176300137,True,0.8799227999999999,True,True
2025-12-11,137,USDC/WETH,19300.0,20241.134747610413,491.4,2.5,0.0,254.2347476104129,True,0.8799227999999999,True,True
2025-12-11,137,USDC/WETH,19044.873869814655,19796.59867959113,491.4,2.5,0.0,67.37607107832844,True,0.8799238205045207,True,True
2025-12-11,137,USDC/WETH,19300.0,20287.76221665906,491.4,2.5,0.0,300.8622166590591,True,0.8799227999999999,True,True
2025-12-11,137,USDC/WETH,19300.0,20169.256104831267,491.4,2.5,0.0,182.35610483126732,True,0.8799227999999999,True,True
2025-12-12,137,USDC/WETH,19280.0,20425.62229728817,505.43999999999994,2.5,0.0,444.88229728816964,True,0.87792288,True,True
2025-12-12,137,USDC/WETH,19280.0,20377.10406242051,505.43999999999994,2.5,0.0,-505.43999999999994,False,0.87792288,True,True
2025-12-12,137,USDC/WETH,19280.0,20397.168944898855,505.43999999999994,2.5,0.0,416.4289448988545,True,0.87792288,True,True
2025-12-12,137,USDC/WETH,19280.0,20069.340885234957,505.43999999999994,2.5,0.0,88.60088523495665,True,0.87792288,True,True
2025-12-12,137,USDC/WETH,19280.0,20286.679141435125,505.43999999999994,2.5,0.0,305.9391414351246,True,0.87792288,True,True
2025-12-12,137,USDC/WETH,19280.0,20146.549113217312,505.43999999999994,2.5,0.0,165.80911321731196,True,0.87792288,True,True
2025-12-12,137,USDC/WETH,19280.0,20154.532651164704,505.43999999999994,2.5,0.0,173.79265116470356,True,0.87792288,True,True
2025-12-12,137,USDC/WETH,19280.0,20116.110769444913,505.43999999999994,2.5,0.0,135.37076944491287,True,0.87792288,True,True
2025-12-12,137,USDC/WETH,19280.0,20250.66434313631,505.43999999999994,2.5,0.0,269.9243431363118,True,0.87792288,True,True
2025-12-12,137,USDC/WETH,19280.0,20236.14641557221,505.43999999999994,2.5,0.0,255.40641557220965,True,0.87792288,True,True
2025-12-12,137,USDC/WETH,19280.0,20423.694356187556,505.43999999999994,2.5,0.0,442.95435618755596,True,0.87792288,True,True
2025-12-12,137,USDC/WETH,19280.0,20225.678374519175,505.43999999999994,2.5,0.0,244.9383745191751,True,0.87792288,True,True
2025-12-12,137,USDC/WETH,19280.0,20431.906249229196,505.43999999999994,2.5,0.0,451.16624922919596,True,0.87792288,True,True
2025-12-12,137,USDC/WETH,19280.0,20277.123364559855,505.43999999999994,2.5,0.0,296.38336455985495,True,0.87792288,True,True
2025-12-12,137,USDC/WETH,19280.0,20098.79442321844,505.43999999999994,2.5,0.0,118.0544232184418,True,0.87792288,True,True
2025-12-12,137,USDC/WETH,19280.0,20401.22459096781,505.43999999999994,2.5,0.0,420.4845909678095,True,0.87792288,True,True
2025-12-12,137,USDC/WETH,19280.0,20300.531836480804,505.43999999999994,2.5,0.0,319.7918364808045,True,0.87792288,True,True
2025-12-12,137,USDC/WETH,19280.0,20387.043382839078,505.43999999999994,2.5,0.0,406.3033828390778,True,0.87792288,True,True
2025-12-12,137,USDC/WETH,19280.0,20389.566152001393,505.43999999999994,2.5,0.0,408.82615200139276,True,0.87792288,True,True
2025-12-12,137,USDC/WETH,19280.0,20412.729010429917,505.43999999999994,2.5,0.0,431.98901042991724,True,0.87792288,True,True
2025-12-12,137,USDC/WETH,19280.0,20099.304755243138,505.43999999999994,2.5,0.0,118.56475524313805,True,0.87792288,True,True
2025-12-12,137,USDC/WETH,19280.0,20250.06562494975,505.43999999999994,2.5,0.0,269.3256249497515,True,0.87792288,True,True
2025-12-12,137,USDC/WETH,19280.0,20321.279929924465,505.43999999999994,2.5,0.0,340.53992992446524,True,0.87792288,True,True
2025-12-12,137,USDC/WETH,19280.0,20268.38756809513,505.43999999999994,2.5,0.0,287.6475680951314,True,0.87792288,True,True
2025-12-12,137,USDC/WETH,19280.0,20327.789101030245,505.43999999999994,2.5,0.0,-505.43999999999994,False,0.87792288,True,True
2025-12-12,137,USDC/WETH,19280.0,20081.93533730416,505.43999999999994,2.5,0.0,101.19533730415947,True,0.87792288,True,True
2025-12-12,137,USDC/WETH,19280.0,20261.920249809737,505.43999999999994,2.5,0.0,281.18024980973655,True,0.87792288,True,True
2025-12-12,137,USDC/WETH,19280.0,20112.72316177577,505.43999999999994,2.5,0.0,-505.43999999999994,False,0.87792288,True,True
2025-12-12,137,USDC/WETH,19280.0,20120.116865807973,505.43999999999994,2.5,0.0,139.37686580797322,True,0.87792288,True,True
2025-12-12,137,USDC/WETH,19280.0,20281.11536341783,505.43999999999994,2.5,0.0,300.37536341782993,True,0.87792288,True,True
2025-12-12,137,USDC/WETH,19280.0,20142.922982845877,505.43999999999994,2.5,0.0,162.1829828458774,True,0.87792288,True,True
2025-12-12,137,USDC/WETH,18871.865572472718,19610.76040688243,505.43999999999994,2.5,0.0,42.23617868498445,True,0.8779245125377101,True,True
2025-12-12,137,USDC/WETH,19280.0,20228.240778098803,505.43999999999994,2.5,0.0,247.50077809880327,True,0.87792288,True,True
2025-12-12,137,USDC/WETH,18407.474399714385,19110.451814187705,505.43999999999994,2.5,0.0,10.9626704761763,True,0.8779263701024012,True,True
2025-12-12,137,USDC/WETH,19280.0,20162.67643837851,505.43999999999994,2.5,0.0,181.93643837850846,True,0.87792288,True,True
2025-12-12,137,USDC/WETH,19280.0,20389.154051555593,505.43999999999994,2.5,0.0,408.41405155559346,True,0.87792288,True,True
2025-12-12,137,USDC/WETH,19280.0,20382.937088919727,505.43999999999994,2.5,0.0,402.1970889197271,True,0.87792288,True,True
2025-12-12,137,USDC/WETH,19280.0,20353.90288293223,505.43999999999994,2.5,0.0,373.16288293223056,True,0.87792288,True,True
2025-12-12,137,USDC/WETH,19280.0,20401.829611665602,505.43999999999994,2.5,0.0,421.089611665602,True,0.87792288,True,True
2025-12-12,137,USDC/WETH,19280.0,20208.534386900064,505.43999999999994,2.5,0.0,227.7943869000644,True,0.87792288,True,True
2025-12-12,137,USDC/WETH,19280.0,20366.57079071319,505.43999999999994,2.5,0.0,385.83079071319094,True,0.87792288,True,True
2025-12-12,137,USDC/WETH,19280.0,20422.41305648482,505.43999999999994,2.5,0.0,441.6730564848201,True,0.87792288,True,True
2025-12-12,137,USDC/WETH,19280.0,20072.492895966243,505.43999999999994,2.5,0.0,-505.43999999999994,False,0.87792288,True,True
2025-12-12,137,USDC/WETH,19280.0,20082.55255214056,505.43999999999994,2.5,0.0,101.81255214056159,True,0.87792288,True,True
2025-12-12,137,USDC/WETH,19280.0,20203.057214606673,505.43999999999994,2.5,0.0,222.31721460667336,True,0.87792288,True,True
2025-12-12,137,USDC/WETH,19280.0,20335.536946240416,505.43999999999994,2.5,0.0,-505.43999999999994,False,0.87792288,True,True
2025-12-12,137,USDC/WETH,19280.0,20220.70704207937,505.43999999999994,2.5,0.0,239.9670420793716,True,0.87792288,True,True
2025-12-12,137,USDC/WETH,19280.0,20369.886400153886,505.43999999999994,2.5,0.0,389.1464001538859,True,0.87792288,True,True
2025-12-12,137,USDC/WETH,19280.0,20174.133114451153,505.43999999999994,2.5,0.0,193.39311445115322,True,0.87792288,True,True
2025-12-12,137,USDC/WETH,19280.0,20270.32634383834,505.43999999999994,2.5,0.0,289.5863438383401,True,0.87792288,True,True
2025-12-12,137,USDC/WETH,19280.0,20107.4158060756,505.43999999999994,2.5,0.0,126.67580607560171,True,0.87792288,True,True
2025-12-12,137,USDC/WETH,19280.0,20388.67570359734,505.43999999999994,2.5,0.0,407.9357035973387,True,0.87792288,True,True
2025-12-12,137,USDC/WETH,19280.0,20267.44358063799,505.43999999999994,2.5,0.0,286.70358063799154,True,0.87792288,True,True
2025-12-12,137,USDC/WETH,19280.0,20134.797968596093,505.43999999999994,2.5,0.0,154.05796859609268,True,0.87792288,True,True
